cid,cierre,apertura
1,2012-01-23 00:43:47,2012-01-31 06:54:04
2,2017-08-21 02:29:25,2017-08-26 02:50:30
3,2015-12-17 00:16:27,2015-12-20 16:05:18
4,2017-10-18 07:34:56,2017-10-27 17:02:28
5,2019-08-29 00:03:15,2019-09-10 15:26:21
6,2017-07-02 15:46:45,2017-07-06 19:52:42
7,2013-12-11 00:19:37,2013-12-24 02:38:44
8,2020-01-11 04:41:41,2020-01-17 15:41:58
9,2010-06-02 05:06:45,2010-06-09 14:38:50
10,2018-02-22 21:33:23,2018-03-09 06:33:55
11,2017-08-25 13:52:13,2017-09-08 15:51:00
12,2018-09-26 20:50:40,2018-10-04 00:57:34
13,2013-05-15 07:21:50,2013-05-25 08:59:44
14,2020-07-21 17:41:52,2020-07-28 22:58:38
15,2018-01-06 22:29:40,2018-01-12 05:36:38
16,2010-03-28 04:27:27,2010-04-07 15:58:53
17,2013-11-02 21:45:14,2013-11-07 11:52:29
18,2013-09-30 22:21:46,2013-10-12 22:35:59
19,2016-05-20 03:26:46,2016-05-30 12:41:18
20,2015-03-30 03:10:35,2015-04-03 17:41:23
21,2019-06-11 00:35:34,2019-06-15 06:54:53
22,2016-02-28 03:15:36,2016-03-06 11:41:39
23,2012-06-01 23:46:13,2012-06-08 02:16:50
24,2019-04-04 04:52:02,2019-04-07 07:38:53
25,2015-08-11 11:40:43,2015-08-24 18:23:12
26,2012-09-21 16:19:30,2012-09-30 02:43:16
27,2013-02-16 17:00:30,2013-03-03 03:28:17
28,2020-09-04 10:06:12,2020-09-14 02:23:01
29,2013-12-24 06:16:08,2013-12-30 16:52:18
30,2016-02-04 20:35:48,2016-02-08 02:06:06
31,2015-02-22 20:57:26,2015-02-26 23:20:58
32,2013-10-28 18:39:37,2013-11-02 04:04:43
33,2013-11-12 08:06:10,2013-11-23 11:24:35
34,2019-03-26 16:24:20,2019-04-07 21:01:36
35,2014-10-07 00:06:01,2014-10-11 13:14:54
36,2012-08-30 14:52:01,2012-09-07 06:49:23
37,2019-01-05 05:58:33,2019-01-08 20:43:10
38,2019-01-08 17:11:14,2019-01-18 23:33:26
39,2016-08-18 11:01:08,2016-08-27 03:40:55
40,2017-02-06 04:26:09,2017-02-17 16:17:03
41,2013-03-22 14:03:33,2013-03-30 00:31:48
42,2013-05-28 04:36:20,2013-06-03 06:51:51
43,2014-01-21 19:00:16,2014-02-04 06:59:03
44,2013-02-24 00:58:46,2013-03-07 03:42:00
45,2011-03-19 08:20:07,2011-04-03 00:13:42
46,2016-07-11 00:12:12,2016-07-18 06:37:45
47,2019-10-01 16:08:08,2019-10-14 08:44:54
48,2010-04-16 01:14:24,2010-04-28 02:11:09
49,2012-01-09 04:34:41,2012-01-19 06:03:18
50,2019-08-28 11:12:00,2019-09-06 03:39:40
51,2015-12-19 14:57:37,2015-12-28 22:37:46
52,2017-07-01 04:40:56,2017-07-06 20:40:40
53,2010-09-08 22:07:44,2010-09-17 06:18:08
54,2011-04-29 19:02:02,2011-05-10 20:16:00
55,2011-09-29 12:20:29,2011-10-13 15:23:09
56,2013-10-16 04:47:09,2013-10-19 18:04:04
57,2016-02-27 01:59:27,2016-03-05 11:54:30
58,2012-04-05 06:58:45,2012-04-11 16:15:00
59,2015-04-29 18:24:41,2015-05-03 00:27:02
60,2014-05-28 11:46:15,2014-06-11 12:53:51
61,2019-03-03 04:14:11,2019-03-11 12:17:20
62,2011-06-17 19:01:16,2011-06-27 21:00:10
63,2018-12-09 06:20:57,2018-12-20 15:58:34
64,2017-10-30 15:59:45,2017-11-09 03:33:16
65,2014-07-05 14:21:38,2014-07-13 01:14:38
66,2014-03-14 15:07:05,2014-03-27 07:30:16
67,2015-02-02 17:53:30,2015-02-16 22:33:14
68,2011-01-22 03:12:51,2011-02-05 03:51:32
69,2013-11-11 11:55:36,2013-11-21 15:14:50
70,2016-03-02 01:03:44,2016-03-13 11:41:10
71,2020-06-26 04:30:06,2020-07-08 09:40:24
72,2020-01-09 21:48:14,2020-01-24 00:42:51
73,2010-04-04 15:24:21,2010-04-12 02:21:46
74,2018-03-01 14:19:31,2018-03-05 20:28:51
75,2019-02-04 07:46:10,2019-02-14 15:40:12
76,2010-09-23 20:03:35,2010-10-05 21:19:35
77,2014-08-27 20:53:02,2014-09-11 11:39:41
78,2014-07-20 09:25:35,2014-07-31 17:54:34
79,2017-05-07 03:25:20,2017-05-12 10:24:37
80,2017-02-25 13:29:20,2017-03-03 19:13:01
81,2018-12-05 10:35:35,2018-12-17 02:14:59
82,2014-02-16 11:27:20,2014-02-27 17:57:53
83,2017-06-15 04:15:58,2017-06-20 10:32:32
84,2010-12-03 21:24:38,2010-12-12 09:57:40
85,2014-11-03 04:31:43,2014-11-10 16:20:01
86,2012-04-30 14:56:28,2012-05-15 05:18:06
87,2010-02-19 23:24:50,2010-03-01 10:57:43
88,2017-12-15 03:46:22,2017-12-28 15:01:45
89,2010-11-29 20:27:07,2010-12-10 10:12:28
90,2011-07-16 00:49:01,2011-07-24 08:23:59
91,2012-05-20 02:22:57,2012-06-03 18:12:24
92,2019-06-13 18:41:26,2019-06-24 20:24:44
93,2015-05-04 21:59:23,2015-05-14 00:39:19
94,2014-06-23 05:21:14,2014-07-06 10:47:44
95,2018-05-08 14:35:34,2018-05-18 16:58:51
96,2018-01-05 23:05:18,2018-01-10 11:42:17
97,2020-04-01 09:08:39,2020-04-13 21:50:07
98,2020-08-26 02:20:07,2020-09-08 02:51:24
99,2011-09-22 20:16:46,2011-10-05 06:17:17
100,2015-11-19 21:54:13,2015-11-26 11:47:18
101,2012-09-11 15:16:44,2012-09-17 22:16:10
102,2012-06-24 23:02:20,2012-07-02 10:07:09
103,2018-09-30 06:59:54,2018-10-08 11:57:07
104,2017-08-03 21:00:40,2017-08-18 03:56:38
105,2019-11-13 17:12:01,2019-11-18 07:10:29
106,2020-06-03 00:37:25,2020-06-17 09:05:51
107,2013-11-19 16:55:12,2013-11-23 05:19:10
108,2019-05-19 07:22:15,2019-05-27 15:02:13
109,2013-08-25 20:10:03,2013-08-29 09:48:20
110,2019-04-15 15:08:21,2019-04-20 23:26:36
111,2014-03-03 00:02:20,2014-03-06 01:50:44
112,2014-12-06 18:52:03,2014-12-19 03:00:09
113,2011-06-16 19:20:46,2011-06-29 07:19:08
114,2015-06-04 00:06:55,2015-06-09 10:29:04
115,2019-12-17 23:16:28,2019-12-21 03:58:06
116,2018-05-22 17:23:02,2018-05-28 18:59:32
117,2016-03-27 17:36:50,2016-04-06 06:42:48
118,2018-02-01 09:05:36,2018-02-08 21:19:23
119,2010-10-23 01:43:45,2010-11-04 09:35:47
120,2018-04-13 00:42:13,2018-04-25 14:12:03
121,2013-05-08 06:07:59,2013-05-12 19:55:11
122,2018-01-23 08:23:14,2018-02-06 23:44:48
123,2011-11-28 13:26:20,2011-12-04 23:45:18
124,2014-08-29 04:47:29,2014-09-01 08:00:18
125,2011-09-08 17:14:32,2011-09-22 22:16:03
126,2017-06-01 08:29:37,2017-06-11 21:48:20
127,2014-08-12 02:56:52,2014-08-24 05:57:47
128,2011-08-14 15:58:33,2011-08-29 06:34:33
129,2018-08-19 14:19:19,2018-08-29 15:46:14
130,2014-04-13 12:56:02,2014-04-26 16:13:03
131,2016-07-07 15:33:41,2016-07-18 21:55:26
132,2017-08-16 09:10:23,2017-08-23 20:38:11
133,2012-11-17 08:57:36,2012-11-27 14:39:38
134,2012-04-21 05:10:58,2012-04-27 08:25:14
135,2015-05-29 22:31:00,2015-06-05 11:45:47
136,2012-06-15 19:13:48,2012-06-27 05:53:51
137,2011-09-01 00:18:48,2011-09-06 04:32:29
138,2020-02-04 20:31:58,2020-02-08 10:44:27
139,2010-01-31 12:52:54,2010-02-12 20:18:02
140,2012-06-01 19:01:50,2012-06-10 03:58:49
141,2010-06-17 00:03:32,2010-06-28 03:33:01
142,2019-01-11 20:23:52,2019-01-15 11:57:45
143,2017-05-03 18:17:16,2017-05-13 03:00:56
144,2016-09-07 17:10:20,2016-09-21 05:11:26
145,2018-08-18 00:24:03,2018-08-27 01:52:54
146,2012-05-25 04:04:30,2012-05-28 07:06:07
147,2011-10-11 09:27:17,2011-10-20 18:44:49
148,2013-03-10 00:56:38,2013-03-18 09:07:58
149,2014-04-16 21:15:06,2014-04-21 07:01:32
150,2018-06-05 06:22:02,2018-06-09 20:41:09
151,2010-08-25 00:28:23,2010-09-06 13:44:50
152,2014-05-07 22:39:22,2014-05-12 07:30:46
153,2010-12-29 17:57:35,2011-01-08 20:02:49
154,2020-04-12 11:23:39,2020-04-24 16:51:24
155,2014-12-07 13:26:52,2014-12-14 19:21:02
156,2010-12-13 15:37:33,2010-12-25 04:30:27
157,2010-02-17 15:41:54,2010-03-01 03:22:06
158,2017-01-13 08:02:29,2017-01-21 13:51:44
159,2014-04-07 11:02:21,2014-04-17 22:46:26
160,2019-02-01 22:33:47,2019-02-09 08:10:59
161,2013-03-20 01:16:54,2013-03-23 07:29:52
162,2012-06-06 10:19:42,2012-06-20 21:47:58
163,2012-04-26 23:14:48,2012-05-08 11:38:02
164,2016-06-14 18:23:03,2016-06-27 06:09:04
165,2020-03-29 14:20:08,2020-04-05 18:18:44
166,2014-01-31 10:05:54,2014-02-13 13:26:36
167,2016-05-06 17:22:34,2016-05-16 06:57:50
168,2013-03-24 01:22:38,2013-04-04 10:41:23
169,2015-04-17 11:27:22,2015-04-30 22:35:50
170,2018-11-07 02:05:50,2018-11-17 09:23:38
171,2011-10-09 02:29:22,2011-10-17 03:32:55
172,2014-12-18 11:53:34,2014-12-28 22:25:13
173,2012-12-16 10:47:41,2012-12-21 20:00:12
174,2015-02-27 16:45:29,2015-03-05 01:31:46
175,2017-03-04 06:04:46,2017-03-15 12:12:35
176,2011-03-07 10:32:36,2011-03-18 00:38:20
177,2018-04-04 06:29:09,2018-04-15 12:16:38
178,2015-07-14 00:07:57,2015-07-18 09:49:54
179,2019-01-19 18:05:49,2019-01-27 05:07:12
180,2015-05-22 08:12:58,2015-05-27 14:58:18
181,2019-05-31 12:59:19,2019-06-11 05:11:22
182,2020-03-09 13:13:42,2020-03-19 19:28:17
183,2011-12-22 11:09:53,2012-01-04 00:36:01
184,2011-11-03 14:19:40,2011-11-08 22:31:41
185,2016-05-22 02:38:32,2016-05-30 06:35:53
186,2016-10-18 03:14:06,2016-10-31 15:43:14
187,2014-08-17 19:30:43,2014-08-28 20:33:23
188,2012-09-29 21:59:27,2012-10-09 03:19:26
189,2014-12-02 06:08:39,2014-12-06 08:40:48
190,2019-01-11 09:58:22,2019-01-25 13:53:32
191,2020-05-24 00:38:01,2020-05-30 06:17:43
192,2013-05-01 22:04:40,2013-05-05 12:58:38
193,2020-04-25 20:39:28,2020-05-07 22:16:55
194,2014-06-16 01:56:36,2014-06-19 13:53:35
195,2018-06-10 02:19:01,2018-06-17 18:48:24
196,2015-08-24 12:07:53,2015-08-30 14:06:10
197,2020-02-09 02:49:03,2020-02-16 18:45:39
198,2011-06-23 13:43:04,2011-07-02 18:58:47
199,2020-08-27 15:42:57,2020-09-06 18:04:59
200,2019-07-06 20:57:18,2019-07-18 03:41:39
201,2011-08-23 06:30:26,2011-09-05 11:11:51
202,2014-01-02 23:39:42,2014-01-11 10:22:14
203,2011-02-21 21:38:23,2011-03-06 12:01:30
204,2015-12-03 03:29:17,2015-12-16 06:11:27
205,2010-04-13 01:07:21,2010-04-23 05:27:10
206,2011-10-16 17:57:22,2011-10-24 07:56:01
207,2010-03-20 14:07:18,2010-04-02 23:46:59
208,2015-10-14 18:01:02,2015-10-27 04:07:38
209,2012-01-09 17:12:40,2012-01-13 01:32:06
210,2010-12-27 21:18:37,2011-01-10 08:49:35
211,2011-04-19 21:54:39,2011-05-02 09:49:12
212,2012-06-13 03:05:22,2012-06-26 06:44:42
213,2014-05-29 00:05:08,2014-06-06 05:14:57
214,2018-09-04 15:29:20,2018-09-15 03:54:37
215,2013-05-13 03:03:23,2013-05-20 18:17:22
216,2017-08-20 15:35:08,2017-08-31 19:26:55
217,2019-03-09 12:51:45,2019-03-13 13:10:26
218,2018-12-19 08:05:28,2018-12-31 23:43:52
219,2019-06-04 22:17:48,2019-06-10 10:05:54
220,2013-02-19 21:47:09,2013-03-06 13:46:33
221,2013-07-26 16:20:34,2013-07-29 19:53:25
222,2010-11-12 06:17:38,2010-11-24 07:40:19
223,2017-08-25 10:06:01,2017-09-06 00:04:34
224,2015-08-22 03:32:31,2015-08-26 11:16:45
225,2013-03-22 06:37:47,2013-03-25 09:56:39
226,2014-06-05 11:37:49,2014-06-18 22:17:05
227,2012-06-18 12:14:24,2012-06-27 16:30:26
228,2010-11-05 09:08:47,2010-11-14 22:27:07
229,2012-01-27 05:38:53,2012-02-03 12:05:26
230,2013-09-08 06:11:31,2013-09-16 20:49:42
231,2016-03-05 17:37:05,2016-03-10 03:27:30
232,2015-06-07 01:26:45,2015-06-14 08:08:40
233,2020-03-27 14:23:04,2020-04-05 21:26:18
234,2015-11-23 12:16:14,2015-11-26 23:04:57
235,2014-10-28 12:49:13,2014-11-08 19:27:34
236,2014-10-23 06:48:47,2014-10-26 23:27:39
237,2015-01-01 21:26:22,2015-01-05 08:13:08
238,2014-02-24 14:16:18,2014-03-07 05:59:48
239,2020-07-26 18:17:59,2020-08-02 10:14:12
240,2015-11-13 14:12:26,2015-11-27 16:44:09
241,2011-11-01 18:57:59,2011-11-12 20:18:18
242,2017-05-11 23:58:38,2017-05-15 15:16:15
243,2018-12-24 08:35:47,2019-01-03 15:19:46
244,2020-05-02 01:56:28,2020-05-08 14:01:53
245,2013-03-28 04:34:00,2013-04-01 14:21:45
246,2017-01-02 17:56:30,2017-01-11 04:17:28
247,2010-05-05 20:34:11,2010-05-17 01:51:48
248,2020-03-15 06:21:35,2020-03-21 13:14:35
249,2010-09-24 11:39:42,2010-10-07 13:08:07
250,2012-09-27 12:15:23,2012-10-02 01:19:57
251,2019-12-22 20:25:56,2019-12-27 22:09:31
252,2014-01-29 23:12:13,2014-02-06 23:41:12
253,2018-08-17 09:21:05,2018-08-26 01:25:16
254,2016-04-24 22:12:52,2016-05-01 09:08:19
255,2017-05-16 13:24:10,2017-05-24 00:44:27
256,2015-10-23 09:51:42,2015-11-04 22:50:32
257,2014-10-25 02:02:31,2014-11-04 05:53:29
258,2016-01-26 06:41:58,2016-02-08 11:02:06
259,2010-01-08 22:42:07,2010-01-19 23:15:19
260,2014-02-19 04:04:53,2014-02-24 07:40:16
261,2018-12-16 20:11:01,2018-12-31 11:26:41
262,2011-08-31 07:38:29,2011-09-11 10:55:33
263,2013-02-10 04:58:46,2013-02-23 16:07:11
264,2013-06-21 13:01:59,2013-07-03 17:49:52
265,2018-01-16 03:47:09,2018-01-19 10:00:52
266,2012-01-16 20:13:04,2012-01-26 12:15:20
267,2020-02-20 23:19:11,2020-02-27 14:59:18
268,2020-04-09 12:02:33,2020-04-15 00:37:39
269,2020-08-19 10:57:02,2020-08-29 20:12:31
270,2015-08-30 12:53:34,2015-09-05 00:17:52
271,2020-07-10 14:51:27,2020-07-13 18:04:59
272,2012-03-03 13:11:39,2012-03-14 13:44:29
273,2016-08-29 16:00:41,2016-09-03 19:33:06
274,2013-07-14 02:17:51,2013-07-27 04:22:53
275,2010-01-05 01:20:29,2010-01-19 13:01:34
276,2015-10-04 21:37:41,2015-10-18 23:49:05
277,2010-07-22 06:07:05,2010-07-30 22:34:42
278,2011-04-05 09:50:39,2011-04-19 11:36:36
279,2010-05-10 13:07:11,2010-05-18 16:55:52
280,2014-07-14 02:03:29,2014-07-18 11:33:35
281,2018-11-22 09:25:22,2018-11-26 22:47:44
282,2013-05-18 06:32:18,2013-05-21 18:08:20
283,2012-02-11 12:35:30,2012-02-23 02:37:09
284,2015-09-19 07:35:50,2015-09-26 20:24:57
285,2013-08-28 19:33:50,2013-09-07 03:03:19
286,2012-01-11 08:30:45,2012-01-16 19:12:04
287,2018-11-09 15:49:46,2018-11-20 06:51:00
288,2019-04-29 16:34:27,2019-05-13 21:39:42
289,2017-06-24 08:34:32,2017-07-08 15:56:46
290,2011-11-12 19:17:17,2011-11-16 02:33:59
291,2016-06-23 18:18:46,2016-07-04 03:36:30
292,2014-11-30 17:17:54,2014-12-15 09:25:15
293,2011-04-18 06:24:21,2011-04-22 21:04:21
294,2015-03-02 17:01:14,2015-03-06 08:00:55
295,2014-06-18 04:32:18,2014-06-22 15:09:49
296,2018-11-19 03:26:00,2018-11-25 18:26:56
297,2011-07-28 07:38:39,2011-08-11 10:18:27
298,2011-03-10 06:01:15,2011-03-15 12:18:55
299,2017-12-21 01:41:21,2017-12-26 02:35:39
300,2020-06-05 15:13:40,2020-06-20 04:13:21
301,2013-06-27 20:19:10,2013-07-04 06:37:51
302,2010-03-10 10:03:39,2010-03-24 00:51:12
303,2014-05-03 02:45:54,2014-05-07 14:07:19
304,2020-01-13 23:13:32,2020-01-20 12:32:17
305,2012-01-13 12:47:13,2012-01-21 15:11:06
306,2018-12-05 23:52:43,2018-12-14 07:01:25
307,2019-08-25 00:08:17,2019-09-04 14:36:56
308,2014-10-29 12:20:06,2014-11-08 01:12:32
309,2014-03-21 21:58:58,2014-03-26 03:06:18
310,2010-04-21 03:02:20,2010-05-03 16:46:21
311,2016-10-27 20:03:34,2016-11-03 22:14:53
312,2011-11-10 12:49:16,2011-11-15 12:57:03
313,2014-02-06 15:39:38,2014-02-18 02:04:24
314,2011-10-09 01:44:14,2011-10-22 12:45:04
315,2016-07-20 14:03:46,2016-08-01 21:02:57
316,2010-01-24 16:04:34,2010-02-04 20:07:53
317,2015-09-21 21:57:09,2015-09-30 11:23:04
318,2019-12-13 20:54:53,2019-12-19 01:24:50
319,2010-09-18 20:13:54,2010-09-24 09:19:02
320,2017-01-12 08:07:59,2017-01-26 19:39:07
321,2019-03-25 22:32:22,2019-03-31 08:51:11
322,2018-09-16 10:03:13,2018-09-22 14:12:53
323,2016-06-11 13:22:28,2016-06-14 19:02:44
324,2016-01-31 14:49:28,2016-02-12 02:12:55
325,2011-02-25 08:10:50,2011-03-01 00:16:31
326,2016-07-27 03:43:00,2016-08-02 11:47:49
327,2015-06-27 13:18:02,2015-07-05 16:05:11
328,2011-09-07 21:23:26,2011-09-15 23:22:18
329,2018-11-30 22:50:31,2018-12-09 06:00:08
330,2010-02-23 22:06:50,2010-03-09 02:11:05
331,2019-04-09 18:53:58,2019-04-22 05:40:34
332,2018-10-20 12:38:36,2018-11-01 17:42:25
333,2011-12-08 03:42:36,2011-12-15 04:53:30
334,2012-01-15 02:56:01,2012-01-21 06:24:21
335,2010-04-12 05:14:46,2010-04-17 12:34:49
336,2017-05-09 04:35:17,2017-05-18 15:32:44
337,2020-06-20 06:16:40,2020-06-26 22:35:59
338,2018-05-15 16:27:18,2018-05-22 09:07:01
339,2013-06-12 10:16:45,2013-06-23 23:08:02
340,2013-03-29 16:23:20,2013-04-06 07:27:40
341,2011-11-14 07:08:12,2011-11-23 14:35:00
342,2011-07-26 06:38:35,2011-07-30 20:12:03
343,2014-10-11 19:47:33,2014-10-25 11:40:18
344,2013-08-26 20:16:59,2013-08-30 06:06:06
345,2011-11-25 08:04:44,2011-11-30 11:53:57
346,2011-12-04 04:03:51,2011-12-08 16:51:29
347,2017-09-17 03:49:20,2017-09-26 13:24:40
348,2017-10-22 06:03:31,2017-11-03 08:41:01
349,2016-10-24 23:55:14,2016-10-30 11:17:21
350,2020-07-05 17:55:34,2020-07-17 04:25:18
351,2010-08-13 19:22:31,2010-08-23 19:53:44
352,2016-05-22 10:14:45,2016-05-27 10:24:47
353,2017-03-22 12:05:57,2017-03-27 14:24:30
354,2017-08-21 21:15:38,2017-09-05 04:21:09
355,2019-11-09 10:35:22,2019-11-16 14:45:12
356,2013-11-04 08:52:15,2013-11-18 18:00:21
357,2015-08-20 02:45:50,2015-08-29 10:31:27
358,2019-04-10 20:01:37,2019-04-19 01:41:19
359,2011-05-14 08:41:02,2011-05-23 15:43:38
360,2015-04-16 00:15:33,2015-04-30 13:24:21
361,2017-10-20 01:16:35,2017-10-30 11:16:13
362,2010-10-14 10:10:33,2010-10-22 16:06:43
363,2010-08-08 22:59:48,2010-08-14 07:18:36
364,2015-06-29 00:09:31,2015-07-04 06:23:52
365,2011-08-28 07:26:29,2011-08-31 21:51:28
366,2011-06-25 09:42:00,2011-06-28 18:23:17
367,2010-07-20 19:56:31,2010-07-24 08:31:30
368,2020-03-15 15:18:14,2020-03-19 17:13:28
369,2017-08-30 05:01:41,2017-09-11 16:43:59
370,2010-09-26 08:35:20,2010-10-09 23:48:50
371,2010-12-05 13:56:56,2010-12-14 02:00:38
372,2017-08-28 16:02:09,2017-09-01 04:46:59
373,2014-06-02 10:06:53,2014-06-11 18:27:27
374,2010-03-06 13:03:18,2010-03-21 02:39:53
375,2019-09-15 19:38:33,2019-09-29 04:35:45
376,2020-03-30 11:40:44,2020-04-11 16:09:01
377,2010-06-19 08:27:08,2010-06-25 17:23:59
378,2015-05-15 15:08:08,2015-05-18 16:30:42
379,2014-08-01 09:32:58,2014-08-06 11:52:32
380,2010-05-28 18:20:46,2010-06-05 07:29:39
381,2016-09-30 01:01:52,2016-10-12 02:57:18
382,2012-05-22 04:16:25,2012-06-01 19:14:56
383,2015-10-01 03:49:45,2015-10-07 13:27:22
384,2010-07-25 05:17:24,2010-07-29 09:16:51
385,2014-12-05 12:18:39,2014-12-17 21:55:37
386,2017-02-14 20:26:14,2017-02-18 04:08:18
387,2020-01-02 03:18:44,2020-01-16 10:04:02
388,2012-01-05 12:05:00,2012-01-10 14:10:21
389,2013-04-22 05:54:13,2013-04-26 10:43:41
390,2010-09-27 07:42:11,2010-10-05 14:24:39
391,2012-05-05 09:45:09,2012-05-18 18:02:23
392,2019-03-31 05:57:03,2019-04-09 16:29:11
393,2014-01-20 03:46:55,2014-02-02 07:56:02
394,2018-11-22 02:18:39,2018-12-05 07:15:12
395,2016-03-02 21:58:56,2016-03-09 08:22:18
396,2016-04-05 08:51:32,2016-04-13 21:00:51
397,2018-08-31 21:45:31,2018-09-12 10:37:39
398,2015-04-13 08:49:44,2015-04-16 11:14:12
399,2017-01-04 11:12:38,2017-01-17 02:05:18
400,2017-06-22 16:13:35,2017-07-05 01:16:12
401,2015-06-22 11:30:07,2015-07-01 00:30:31
402,2020-01-15 17:24:57,2020-01-26 22:59:10
403,2018-07-11 07:23:10,2018-07-25 13:07:35
404,2013-03-19 15:08:24,2013-03-24 17:26:30
405,2010-06-30 07:15:56,2010-07-06 18:46:25
406,2018-09-08 07:07:14,2018-09-20 07:29:24
407,2019-03-01 23:38:16,2019-03-11 04:01:46
408,2016-03-19 23:56:55,2016-03-26 06:19:30
409,2013-05-22 18:13:39,2013-06-06 00:43:59
410,2018-06-24 10:25:33,2018-06-29 11:04:23
411,2012-03-03 06:52:38,2012-03-06 18:29:22
412,2018-05-26 09:09:52,2018-05-31 01:10:57
413,2017-06-20 02:06:40,2017-06-23 18:37:22
414,2013-11-04 14:44:35,2013-11-13 22:12:18
415,2018-11-22 19:54:10,2018-12-05 02:11:20
416,2019-01-24 11:30:16,2019-02-02 22:29:22
417,2012-03-08 04:05:06,2012-03-11 04:43:27
418,2018-05-14 11:37:29,2018-05-23 22:17:42
419,2013-08-25 16:09:46,2013-09-06 06:10:50
420,2011-03-31 14:40:26,2011-04-07 14:53:32
421,2019-09-01 15:59:46,2019-09-05 04:16:36
422,2017-08-18 18:27:38,2017-09-02 01:36:38
423,2011-03-25 11:46:32,2011-04-01 19:47:43
424,2012-07-07 06:37:18,2012-07-19 10:45:56
425,2014-05-30 22:38:50,2014-06-08 09:11:16
426,2011-02-18 10:38:53,2011-02-22 18:32:34
427,2010-10-08 13:13:34,2010-10-19 05:52:28
428,2013-05-03 19:31:07,2013-05-10 03:47:59
429,2010-02-23 13:23:30,2010-03-02 19:12:36
430,2019-03-16 10:59:59,2019-03-24 12:34:50
431,2013-02-27 14:06:33,2013-03-05 21:14:36
432,2019-07-02 20:22:26,2019-07-08 07:44:51
433,2018-01-19 01:10:43,2018-02-01 07:33:46
434,2018-12-02 18:10:44,2018-12-07 04:25:19
435,2013-05-15 06:47:13,2013-05-29 18:30:28
436,2017-10-09 05:45:56,2017-10-17 12:22:34
437,2015-11-02 01:50:44,2015-11-16 06:55:52
438,2020-03-13 06:40:59,2020-03-26 21:15:14
439,2013-03-28 15:46:20,2013-04-10 02:29:51
440,2019-03-06 23:03:43,2019-03-21 04:44:41
441,2011-01-01 06:44:13,2011-01-13 16:35:44
442,2010-06-01 20:44:14,2010-06-10 20:46:07
443,2017-10-05 15:21:46,2017-10-20 03:01:38
444,2016-11-06 21:16:40,2016-11-17 01:59:05
445,2012-07-27 16:12:21,2012-07-31 18:38:27
446,2019-08-16 13:21:07,2019-08-24 03:56:33
447,2014-07-15 04:41:35,2014-07-29 10:39:49
448,2018-09-26 03:40:10,2018-10-05 20:08:18
449,2010-02-11 05:07:10,2010-02-25 05:13:46
450,2010-09-15 22:40:35,2010-09-21 04:18:09
451,2013-11-15 04:59:28,2013-11-20 20:29:45
452,2011-03-07 06:01:45,2011-03-20 12:44:22
453,2012-02-06 10:45:47,2012-02-20 13:18:35
454,2014-04-07 23:51:01,2014-04-20 00:25:07
455,2018-04-25 23:02:44,2018-04-29 14:54:16
456,2017-01-17 15:19:14,2017-01-27 07:52:20
457,2014-12-30 22:53:45,2015-01-13 02:54:26
458,2013-11-22 19:16:11,2013-11-26 19:34:45
459,2017-10-20 17:10:40,2017-10-24 04:01:31
460,2018-07-24 16:22:16,2018-08-04 07:12:31
461,2016-03-22 10:33:49,2016-04-01 22:22:34
462,2014-01-12 17:51:02,2014-01-19 04:04:17
463,2013-03-16 05:07:13,2013-03-29 09:41:34
464,2012-11-30 15:22:51,2012-12-03 22:22:38
465,2013-11-22 19:56:10,2013-11-30 11:52:32
466,2018-05-10 07:26:44,2018-05-17 12:03:13
467,2019-10-15 02:48:16,2019-10-27 05:28:12
468,2016-04-25 00:57:56,2016-05-05 13:24:58
469,2017-12-02 21:53:43,2017-12-07 05:39:37
470,2012-04-25 16:55:05,2012-05-05 19:29:24
471,2017-01-09 15:34:41,2017-01-14 01:15:43
472,2014-06-24 12:20:44,2014-07-03 13:09:10
473,2019-03-08 20:42:00,2019-03-15 06:15:11
474,2017-10-09 08:30:21,2017-10-13 21:35:02
475,2014-01-15 00:07:33,2014-01-28 13:26:04
476,2011-01-23 22:45:51,2011-01-31 11:30:07
477,2017-12-01 01:18:22,2017-12-13 03:28:49
478,2011-11-10 07:24:18,2011-11-20 11:38:39
479,2019-03-23 17:39:32,2019-03-29 05:38:41
480,2013-01-11 06:50:31,2013-01-20 17:07:37
481,2018-02-04 01:39:36,2018-02-17 03:32:33
482,2011-12-14 00:35:11,2011-12-28 11:48:45
483,2013-03-21 06:11:56,2013-04-03 17:17:42
484,2016-03-09 11:17:10,2016-03-21 14:49:51
485,2015-03-12 04:40:40,2015-03-25 12:30:20
486,2019-07-30 10:13:01,2019-08-09 12:49:02
487,2018-08-07 03:42:20,2018-08-19 05:30:27
488,2018-02-01 03:40:33,2018-02-04 06:22:35
489,2020-07-08 07:29:03,2020-07-16 08:25:06
490,2017-11-08 18:53:28,2017-11-20 04:02:58
491,2018-05-17 15:56:48,2018-05-29 08:35:24
492,2013-05-07 09:42:46,2013-05-16 12:00:58
493,2015-08-30 20:33:33,2015-09-10 22:50:04
494,2016-10-01 12:18:14,2016-10-04 22:21:14
495,2013-01-22 00:00:29,2013-02-03 00:46:38
496,2015-12-18 17:47:51,2015-12-30 06:25:43
497,2015-05-06 08:49:13,2015-05-19 19:26:43
498,2011-09-12 00:41:48,2011-09-20 03:45:25
499,2014-01-09 21:34:34,2014-01-13 11:28:51
500,2011-05-28 03:31:18,2011-06-06 19:07:12
501,2020-04-24 23:49:47,2020-05-01 15:01:08
502,2016-04-27 10:56:13,2016-05-11 14:46:39
503,2014-10-31 09:13:35,2014-11-12 14:56:31
504,2010-06-26 11:24:50,2010-07-08 11:36:53
505,2013-12-28 01:44:01,2014-01-03 11:12:42
506,2012-05-01 13:59:49,2012-05-08 19:04:19
507,2016-12-18 07:09:13,2016-12-24 15:41:24
508,2015-09-27 09:11:55,2015-10-01 18:26:30
509,2019-06-13 07:14:11,2019-06-22 09:12:59
510,2016-05-20 15:35:44,2016-06-04 06:15:47
511,2012-10-05 00:28:09,2012-10-19 00:37:42
512,2013-09-09 06:34:28,2013-09-12 15:06:17
513,2013-12-22 16:53:31,2013-12-25 23:55:22
514,2015-06-08 19:43:34,2015-06-22 07:44:36
515,2017-09-03 07:23:40,2017-09-06 22:15:42
516,2010-02-28 13:06:13,2010-03-08 00:32:50
517,2018-05-25 12:19:46,2018-06-04 13:49:04
518,2018-03-14 16:07:57,2018-03-22 07:23:49
519,2015-03-25 21:36:06,2015-04-08 03:03:05
520,2015-10-15 20:09:04,2015-10-23 04:22:17
521,2013-10-29 06:43:32,2013-11-12 21:31:10
522,2014-11-14 18:40:37,2014-11-25 06:28:36
523,2013-10-11 13:10:49,2013-10-23 13:49:40
524,2016-10-04 05:01:11,2016-10-11 11:06:35
525,2020-02-08 22:56:05,2020-02-12 13:36:33
526,2018-07-01 09:09:20,2018-07-09 20:21:43
527,2017-09-27 06:29:47,2017-10-02 06:59:27
528,2014-10-31 08:05:14,2014-11-09 20:15:31
529,2013-07-19 07:02:02,2013-07-24 08:48:58
530,2016-12-25 07:48:08,2016-12-30 08:52:12
531,2010-02-14 16:54:07,2010-02-24 19:38:11
532,2016-11-10 23:06:01,2016-11-18 03:38:23
533,2020-05-08 04:21:09,2020-05-12 06:47:44
534,2020-01-06 16:47:39,2020-01-21 08:34:59
535,2017-08-05 14:04:02,2017-08-15 18:04:55
536,2020-01-12 03:13:45,2020-01-26 07:30:56
537,2012-10-01 15:44:29,2012-10-09 04:07:43
538,2013-03-17 14:10:33,2013-03-30 17:13:13
539,2016-09-20 13:13:47,2016-10-02 21:46:12
540,2014-12-23 15:46:27,2014-12-28 17:19:03
541,2019-06-04 18:54:45,2019-06-08 23:21:25
542,2018-08-03 14:07:44,2018-08-17 15:53:07
543,2013-02-26 05:28:50,2013-03-04 21:09:03
544,2016-03-26 13:52:36,2016-04-08 22:24:59
545,2014-03-15 01:31:11,2014-03-26 15:07:39
546,2020-08-02 02:00:27,2020-08-07 17:42:22
547,2015-06-30 20:00:11,2015-07-08 04:13:42
548,2014-10-26 21:39:39,2014-11-08 11:31:09
549,2014-05-31 15:30:16,2014-06-08 05:43:40
550,2018-04-22 09:08:49,2018-04-28 15:38:37
551,2011-05-19 01:24:48,2011-06-02 02:27:28
552,2013-01-09 05:13:39,2013-01-19 05:58:49
553,2013-03-27 00:31:22,2013-04-07 04:49:53
554,2020-01-29 22:15:48,2020-02-04 08:18:22
555,2011-05-19 04:05:01,2011-06-02 19:32:42
556,2019-11-10 06:26:28,2019-11-14 20:40:34
557,2015-11-16 03:58:08,2015-11-24 09:13:22
558,2016-09-27 16:20:17,2016-10-12 08:52:10
559,2010-07-21 14:36:25,2010-07-25 01:42:59
560,2018-03-25 00:29:32,2018-04-08 15:00:34
561,2010-11-27 16:40:48,2010-12-08 00:53:06
562,2015-01-04 23:17:00,2015-01-12 09:31:35
563,2011-03-24 10:06:38,2011-03-30 17:27:26
564,2020-03-26 06:18:35,2020-04-04 10:38:49
565,2012-12-17 09:26:01,2012-12-20 19:26:08
566,2018-02-11 01:13:33,2018-02-19 16:53:23
567,2016-09-05 08:28:09,2016-09-09 20:47:32
568,2019-03-25 08:30:25,2019-04-03 16:09:14
569,2019-03-24 11:35:19,2019-04-05 20:01:06
570,2016-06-27 09:37:08,2016-07-10 20:17:47
571,2020-03-31 15:08:47,2020-04-10 06:33:55
572,2015-01-07 09:44:29,2015-01-21 02:08:52
573,2017-11-13 16:53:14,2017-11-21 19:00:39
574,2017-07-21 14:29:50,2017-08-03 23:28:38
575,2019-08-30 23:45:45,2019-09-11 02:53:48
576,2017-04-29 00:40:20,2017-05-05 04:05:03
577,2020-08-10 16:43:20,2020-08-18 02:03:30
578,2018-03-07 03:04:33,2018-03-20 09:06:49
579,2018-05-01 07:58:40,2018-05-07 21:23:48
580,2016-05-11 15:26:43,2016-05-26 03:03:10
581,2018-10-31 01:21:54,2018-11-08 17:50:07
582,2019-03-12 21:19:12,2019-03-17 22:25:37
583,2016-01-14 11:44:56,2016-01-21 02:47:03
584,2013-04-30 06:43:16,2013-05-10 20:11:26
585,2017-01-14 13:27:28,2017-01-26 23:35:03
586,2014-09-10 14:29:48,2014-09-15 04:44:26
587,2013-02-22 05:41:25,2013-03-07 06:15:02
588,2011-05-02 12:23:42,2011-05-10 12:50:28
589,2017-11-26 19:11:31,2017-12-01 10:22:06
590,2011-08-05 07:27:58,2011-08-09 07:34:00
591,2013-09-05 21:43:52,2013-09-12 14:18:22
592,2015-08-06 07:45:15,2015-08-12 19:57:06
593,2011-06-01 16:42:14,2011-06-15 18:52:13
594,2011-04-09 02:06:42,2011-04-19 08:33:02
595,2018-06-09 14:00:43,2018-06-15 05:25:27
596,2010-04-18 03:22:05,2010-04-28 12:43:04
597,2012-08-15 11:03:40,2012-08-21 18:20:47
598,2014-12-17 03:57:36,2014-12-20 07:20:53
599,2017-03-14 21:47:05,2017-03-25 23:46:29
600,2013-10-04 02:37:44,2013-10-18 11:24:18
601,2011-07-11 02:27:53,2011-07-25 09:25:43
602,2018-12-24 03:20:26,2018-12-27 13:29:54
603,2016-09-02 04:47:05,2016-09-16 05:53:12
604,2018-02-22 17:39:02,2018-02-28 02:20:53
605,2020-02-23 23:41:55,2020-03-07 06:44:11
606,2017-06-29 15:56:36,2017-07-05 16:01:27
607,2019-06-28 22:46:41,2019-07-11 09:25:00
608,2012-03-10 20:15:40,2012-03-14 10:04:43
609,2020-09-05 12:13:39,2020-09-20 00:13:02
610,2016-08-05 18:50:47,2016-08-17 06:36:04
611,2016-01-26 23:36:11,2016-01-30 12:35:42
612,2017-03-22 09:12:10,2017-03-26 21:37:45
613,2011-01-31 20:22:55,2011-02-09 01:58:02
614,2017-02-14 03:42:24,2017-02-21 11:15:09
615,2011-02-07 18:55:40,2011-02-20 08:13:15
616,2013-05-18 08:16:35,2013-05-24 21:30:21
617,2014-08-24 17:29:23,2014-09-05 00:20:09
618,2015-12-18 18:24:53,2015-12-25 07:50:19
619,2017-08-25 03:16:03,2017-08-28 03:29:50
620,2011-08-26 16:40:54,2011-08-31 19:45:57
621,2016-04-28 10:18:55,2016-05-04 01:56:32
622,2010-09-27 21:48:09,2010-10-06 23:02:14
623,2012-01-12 04:16:30,2012-01-20 17:35:02
624,2016-09-04 15:05:37,2016-09-09 20:08:54
625,2019-11-23 04:38:33,2019-11-28 14:52:03
626,2013-08-01 17:14:23,2013-08-04 17:23:19
627,2019-05-26 22:50:20,2019-06-06 04:08:07
628,2018-04-05 10:59:19,2018-04-14 17:13:29
629,2020-04-04 09:03:33,2020-04-18 13:28:43
630,2020-05-19 15:31:44,2020-05-27 22:54:33
631,2014-06-26 14:42:34,2014-07-04 04:00:42
632,2019-11-13 21:46:44,2019-11-26 22:15:47
633,2019-01-31 13:45:10,2019-02-09 14:55:13
634,2016-10-05 10:28:54,2016-10-19 20:20:20
635,2016-07-25 00:24:39,2016-08-02 16:26:12
636,2015-10-10 23:17:32,2015-10-17 05:11:31
637,2018-07-20 05:45:54,2018-08-01 08:12:32
638,2019-11-14 08:14:45,2019-11-23 00:10:20
639,2018-12-24 04:58:05,2019-01-02 09:59:59
640,2020-06-05 19:01:31,2020-06-13 11:31:54
641,2017-06-15 02:32:57,2017-06-27 04:33:35
642,2015-05-17 14:46:06,2015-05-23 22:58:46
643,2018-08-01 07:14:42,2018-08-06 18:41:03
644,2014-09-19 16:41:40,2014-10-01 21:02:59
645,2014-12-01 08:53:16,2014-12-11 17:35:24
646,2012-07-06 01:35:09,2012-07-17 01:43:27
647,2015-11-06 04:51:38,2015-11-10 13:14:52
648,2018-10-08 09:47:46,2018-10-16 16:03:44
649,2018-03-17 12:43:52,2018-03-29 13:23:05
650,2018-07-09 05:12:53,2018-07-22 18:38:44
651,2019-12-07 16:40:59,2019-12-19 02:38:24
652,2015-11-23 21:00:09,2015-11-29 07:15:58
653,2010-05-13 06:54:39,2010-05-21 13:11:37
654,2011-02-23 03:02:22,2011-02-26 14:21:07
655,2011-09-20 00:24:05,2011-09-26 04:58:51
656,2018-06-28 05:22:57,2018-07-07 06:24:56
657,2014-06-26 10:06:02,2014-07-07 21:08:16
658,2011-12-06 12:32:45,2011-12-15 04:54:39
659,2019-08-16 16:50:11,2019-08-22 02:30:31
660,2014-08-08 20:23:36,2014-08-22 05:22:36
661,2017-12-26 00:36:00,2018-01-01 07:57:02
662,2018-07-18 14:15:56,2018-07-25 19:43:07
663,2010-01-29 22:52:04,2010-02-05 05:26:47
664,2016-09-02 06:25:32,2016-09-11 15:45:00
665,2014-11-27 02:52:55,2014-12-09 14:50:29
666,2015-10-04 11:25:25,2015-10-11 12:59:02
667,2010-11-28 01:50:58,2010-12-10 10:32:38
668,2018-11-30 21:24:54,2018-12-06 05:07:03
669,2012-07-18 04:30:04,2012-07-23 12:54:37
670,2011-02-09 01:43:59,2011-02-14 10:24:43
671,2017-11-09 13:21:08,2017-11-24 04:06:03
672,2013-07-25 15:35:39,2013-08-05 23:13:09
673,2012-08-20 17:03:40,2012-08-28 02:25:14
674,2013-11-26 02:03:40,2013-12-09 09:25:44
675,2012-04-14 21:06:00,2012-04-21 23:58:12
676,2016-01-06 11:20:23,2016-01-10 16:50:59
677,2019-03-21 07:18:59,2019-04-04 11:36:30
678,2013-12-24 04:43:50,2013-12-27 10:47:57
679,2015-08-06 19:49:14,2015-08-14 05:06:40
680,2015-12-27 05:43:37,2016-01-10 09:44:22
681,2014-05-28 16:12:42,2014-06-11 20:41:27
682,2016-08-23 16:36:13,2016-08-31 02:19:35
683,2011-05-23 20:15:34,2011-05-30 01:42:21
684,2011-01-30 21:28:28,2011-02-07 08:20:17
685,2015-03-19 04:32:35,2015-04-01 20:29:42
686,2013-02-12 03:19:00,2013-02-20 07:35:11
687,2020-08-20 09:17:13,2020-08-26 11:25:38
688,2020-03-10 09:14:52,2020-03-24 23:06:22
689,2011-09-05 16:18:37,2011-09-12 01:09:53
690,2020-05-04 17:20:31,2020-05-12 05:17:49
691,2016-01-05 22:13:23,2016-01-16 03:52:43
692,2012-04-02 13:53:01,2012-04-16 22:59:49
693,2015-04-07 09:18:40,2015-04-11 20:49:09
694,2011-02-13 21:06:15,2011-02-17 01:05:39
695,2017-01-05 16:49:05,2017-01-16 02:10:00
696,2015-09-05 23:39:37,2015-09-13 04:49:35
697,2014-08-03 01:30:40,2014-08-07 08:24:06
698,2018-11-19 16:24:38,2018-11-28 22:48:31
699,2015-08-30 03:43:43,2015-09-05 15:01:26
700,2015-12-04 16:58:32,2015-12-13 00:47:07
701,2017-02-24 22:26:36,2017-03-05 09:11:23
702,2016-09-27 16:28:44,2016-10-03 22:55:00
703,2019-03-30 01:52:50,2019-04-11 05:37:18
704,2017-07-30 11:30:06,2017-08-11 02:40:47
705,2020-05-24 05:47:46,2020-06-01 16:57:08
706,2010-06-09 06:00:13,2010-06-15 07:18:36
707,2018-05-20 10:44:19,2018-05-31 11:56:26
708,2010-08-03 11:34:37,2010-08-13 21:56:24
709,2019-03-04 08:53:38,2019-03-17 11:51:39
710,2013-10-11 04:15:05,2013-10-21 12:41:54
711,2017-01-11 04:42:02,2017-01-17 19:36:12
712,2015-01-22 02:02:30,2015-01-28 09:19:21
713,2018-02-21 04:18:56,2018-02-24 15:33:41
714,2019-02-25 05:21:24,2019-03-02 14:53:14
715,2010-08-05 23:46:53,2010-08-20 05:28:36
716,2017-09-11 12:10:16,2017-09-17 18:05:00
717,2020-04-18 20:34:41,2020-05-01 05:11:28
718,2020-01-22 13:04:51,2020-01-29 19:25:55
719,2013-08-12 09:55:57,2013-08-21 16:39:42
720,2015-11-03 02:32:33,2015-11-12 05:33:54
721,2019-04-18 15:49:17,2019-05-02 19:17:28
722,2015-07-29 16:35:16,2015-08-05 16:53:25
723,2014-05-08 05:39:58,2014-05-17 16:20:24
724,2016-02-11 01:01:24,2016-02-18 12:07:08
725,2013-02-06 17:46:01,2013-02-11 20:37:38
726,2012-09-05 23:24:13,2012-09-18 06:51:44
727,2014-11-14 22:02:40,2014-11-26 02:37:22
728,2013-10-12 16:42:57,2013-10-22 09:03:21
729,2011-07-13 22:37:33,2011-07-25 14:13:48
730,2013-06-29 16:40:38,2013-07-05 21:55:20
731,2013-02-04 09:31:24,2013-02-16 12:50:29
732,2010-12-17 22:42:27,2010-12-23 02:01:37
733,2014-03-31 18:07:03,2014-04-03 21:32:26
734,2015-11-24 03:05:13,2015-12-02 19:17:39
735,2014-08-26 16:27:22,2014-09-02 00:26:04
736,2017-04-28 21:24:54,2017-05-09 08:21:43
737,2011-12-29 06:38:21,2012-01-05 15:44:08
738,2016-08-03 09:53:45,2016-08-06 10:19:10
739,2013-09-28 17:35:28,2013-10-08 19:05:09
740,2016-12-12 11:14:57,2016-12-18 22:14:32
741,2015-11-12 09:54:02,2015-11-21 18:51:22
742,2018-03-28 10:55:31,2018-04-09 00:00:49
743,2013-03-29 16:00:44,2013-04-05 04:47:36
744,2014-01-24 06:36:08,2014-01-29 19:22:41
745,2014-03-14 08:49:56,2014-03-17 15:58:17
746,2016-09-03 09:39:59,2016-09-16 11:17:31
747,2010-05-20 12:24:07,2010-06-04 01:52:53
748,2014-05-26 15:25:43,2014-06-02 00:15:25
749,2016-10-23 03:13:00,2016-11-06 17:48:26
750,2017-03-30 05:28:39,2017-04-13 11:36:33
751,2013-05-01 06:39:42,2013-05-12 18:49:58
752,2018-01-20 23:12:15,2018-01-26 12:55:42
753,2013-11-30 19:45:16,2013-12-13 01:29:21
754,2011-12-15 03:12:51,2011-12-24 09:13:55
755,2013-02-05 17:39:25,2013-02-10 01:46:10
756,2019-10-10 16:51:31,2019-10-14 07:18:40
757,2016-11-19 02:14:00,2016-11-29 08:27:37
758,2013-12-27 22:58:02,2014-01-09 14:47:39
759,2018-02-19 05:42:24,2018-03-03 13:00:16
760,2012-09-10 15:01:21,2012-09-23 05:08:10
761,2011-06-19 09:33:21,2011-07-01 01:44:28
762,2010-01-29 05:59:51,2010-02-06 15:54:08
763,2010-04-06 07:49:17,2010-04-15 22:21:02
764,2013-05-02 04:30:56,2013-05-11 08:23:51
765,2011-12-02 18:57:07,2011-12-10 09:36:16
766,2019-08-13 14:58:41,2019-08-19 21:34:21
767,2017-09-30 11:55:14,2017-10-08 04:23:09
768,2012-03-15 10:26:10,2012-03-26 12:55:57
769,2014-10-21 00:34:57,2014-11-04 07:47:17
770,2010-05-18 05:59:08,2010-05-23 21:54:54
771,2013-01-07 09:45:13,2013-01-21 02:05:29
772,2017-03-04 01:20:25,2017-03-12 03:01:57
773,2011-07-07 22:03:41,2011-07-10 22:20:20
774,2011-08-30 18:12:08,2011-09-09 01:13:52
775,2018-04-14 06:31:50,2018-04-28 15:29:33
776,2010-02-17 17:07:24,2010-02-22 06:20:11
777,2013-11-11 23:18:14,2013-11-18 01:03:08
778,2018-04-04 15:01:45,2018-04-15 21:04:47
779,2017-03-18 11:41:17,2017-03-22 20:24:06
780,2019-09-08 12:19:56,2019-09-11 22:02:54
781,2015-05-27 12:28:21,2015-06-07 03:04:35
782,2016-06-27 11:28:07,2016-07-03 22:01:58
783,2020-01-20 04:42:32,2020-01-26 12:09:31
784,2012-07-07 02:13:35,2012-07-16 16:02:10
785,2011-08-12 16:33:49,2011-08-16 04:17:18
786,2013-11-25 14:57:49,2013-12-05 04:11:58
787,2019-03-14 17:41:03,2019-03-28 04:08:00
788,2017-03-22 03:24:07,2017-04-05 12:18:46
789,2011-01-25 06:21:52,2011-02-05 14:30:31
790,2017-06-28 09:27:57,2017-07-06 20:27:14
791,2020-07-10 12:44:33,2020-07-21 02:08:32
792,2010-12-09 02:06:38,2010-12-20 08:03:26
793,2011-03-30 09:04:22,2011-04-09 13:41:19
794,2011-07-20 07:56:09,2011-07-23 13:08:20
795,2013-11-11 21:37:20,2013-11-16 04:10:02
796,2014-08-21 02:33:19,2014-08-27 12:52:45
797,2016-06-11 14:42:38,2016-06-16 18:49:58
798,2018-10-19 05:32:48,2018-10-22 09:23:10
799,2010-01-19 20:43:52,2010-02-03 10:33:52
800,2011-01-24 23:18:26,2011-02-02 05:16:51
801,2018-06-19 05:14:58,2018-06-25 20:50:21
802,2014-02-01 23:35:49,2014-02-14 03:31:28
803,2012-07-21 16:07:38,2012-07-27 00:31:51
804,2010-05-15 02:41:35,2010-05-25 11:16:36
805,2015-06-06 23:04:11,2015-06-18 06:39:21
806,2010-09-15 05:17:07,2010-09-24 15:33:46
807,2013-01-28 01:53:10,2013-02-03 11:32:55
808,2015-05-14 21:50:06,2015-05-26 02:03:44
809,2016-11-06 04:54:38,2016-11-20 16:21:11
810,2016-06-22 21:58:50,2016-07-02 06:14:30
811,2018-10-18 16:11:41,2018-10-25 00:06:15
812,2015-08-01 11:28:55,2015-08-13 19:08:29
813,2013-04-14 03:46:45,2013-04-19 08:00:56
814,2013-05-07 19:46:05,2013-05-13 02:06:54
815,2011-02-02 01:42:53,2011-02-15 15:08:32
816,2014-10-19 18:40:32,2014-11-01 08:58:27
817,2015-02-22 22:59:18,2015-03-03 15:04:07
818,2012-06-21 20:42:17,2012-07-04 08:28:01
819,2012-01-30 15:11:55,2012-02-10 22:00:44
820,2012-06-15 05:05:52,2012-06-18 17:45:13
821,2017-05-21 16:47:30,2017-06-03 23:40:58
822,2012-07-31 02:21:48,2012-08-07 06:21:28
823,2019-03-28 06:57:47,2019-04-10 22:04:44
824,2010-01-02 16:58:28,2010-01-17 03:55:58
825,2014-04-05 12:19:44,2014-04-16 01:00:49
826,2015-12-26 03:54:48,2016-01-03 10:02:59
827,2015-06-08 22:39:48,2015-06-23 01:10:49
828,2020-04-21 17:54:58,2020-04-29 23:44:00
829,2017-11-25 09:34:28,2017-11-29 12:11:52
830,2012-05-16 21:59:46,2012-05-31 03:13:25
831,2018-10-29 12:30:58,2018-11-03 15:17:18
832,2017-07-22 14:35:09,2017-08-01 02:57:41
833,2014-05-15 13:09:57,2014-05-24 03:19:42
834,2011-02-08 16:17:18,2011-02-13 19:32:41
835,2017-12-26 11:08:41,2018-01-04 16:25:46
836,2017-04-22 04:34:38,2017-05-05 14:46:52
837,2018-07-03 21:43:26,2018-07-16 09:35:06
838,2020-02-23 06:12:39,2020-03-06 19:31:22
839,2013-01-14 05:47:27,2013-01-20 16:59:01
840,2018-05-31 06:13:51,2018-06-04 18:42:23
841,2012-06-25 10:05:03,2012-07-02 22:38:23
842,2020-07-15 08:25:53,2020-07-24 14:54:06
843,2014-06-18 11:05:16,2014-06-21 13:00:55
844,2020-09-01 00:24:55,2020-09-09 14:26:14
845,2011-01-20 14:29:52,2011-01-26 15:13:17
846,2019-04-20 05:34:53,2019-05-03 20:43:31
847,2014-08-20 18:41:06,2014-09-03 06:03:23
848,2010-12-13 14:04:26,2010-12-18 05:12:06
849,2017-04-23 22:21:43,2017-05-02 04:49:33
850,2011-08-19 03:13:29,2011-08-22 15:46:04
851,2014-10-18 07:08:55,2014-10-24 10:27:21
852,2010-03-21 00:38:33,2010-04-04 04:35:11
853,2012-05-07 14:22:31,2012-05-17 01:33:49
854,2017-02-05 08:57:19,2017-02-12 17:09:45
855,2017-06-01 11:47:47,2017-06-10 20:19:01
856,2013-11-02 19:20:46,2013-11-13 07:21:26
857,2011-12-27 00:26:02,2012-01-09 16:57:02
858,2010-07-28 02:07:21,2010-08-03 05:40:41
859,2016-05-05 20:33:35,2016-05-14 09:11:21
860,2010-10-31 11:13:35,2010-11-04 13:49:15
861,2020-01-14 22:17:48,2020-01-23 03:18:33
862,2019-12-09 12:58:40,2019-12-20 22:22:29
863,2017-12-03 02:17:42,2017-12-15 06:14:15
864,2012-08-16 20:35:06,2012-08-28 03:55:28
865,2019-11-22 00:56:09,2019-11-27 10:56:54
866,2010-06-08 03:32:37,2010-06-20 07:36:48
867,2018-10-23 15:32:38,2018-11-06 08:09:58
868,2011-04-03 11:30:19,2011-04-13 20:55:50
869,2014-04-26 04:17:37,2014-04-30 15:43:32
870,2011-04-07 03:07:09,2011-04-18 10:18:27
871,2019-12-27 05:19:38,2020-01-09 08:35:14
872,2010-02-24 02:12:15,2010-03-01 02:49:22
873,2015-02-28 14:19:58,2015-03-11 06:37:32
874,2015-07-04 21:34:00,2015-07-16 08:37:35
875,2013-07-31 10:44:42,2013-08-09 10:51:49
876,2019-12-09 12:58:40,2019-12-20 22:22:29
